id,code,name
edu_inst_140332361,140332361,Naciones Unidas
edu_inst_140337915,140337915,Argentina
edu_inst_140337931,140337931,Diseño Y Comunicacion
edu_inst_140359729,140359729,Carlos Salazar Romero
edu_inst_140450114,140450114,Jose Pardo
edu_inst_140478412,140478412,Maria Rosario Araoz Pinto
edu_inst_140479048,140479048,Santiago Antunez De Mayolo
edu_inst_140481085,140481085,Pedro P. Diaz
edu_inst_140481093,140481093,Jose Carlos Mariategui - Mariscal Nieto
edu_inst_140481127,140481127,Tupac Amaru
edu_inst_140481143,140481143,Pedro A. Del Aguila Hidalgo
edu_inst_140481218,140481218,Jose Antonio Encinas
edu_inst_140481226,140481226,Manuel Nuñez Butron
edu_inst_140508473,140508473,Victor Alvarez Huapaya
edu_inst_140510784,140510784,Cap Fap Jose Abelardo Quiñones
edu_inst_140517664,140517664,Chincha
edu_inst_140520197,140520197,La Salle
edu_inst_140521682,140521682,Nor Oriental De La Selva
edu_inst_140532226,140532226,Huarmaca
edu_inst_140551317,140551317,Francisco De Paula Gonzales Vigil
edu_inst_140560615,140560615,San Andres - Ayabaca
edu_inst_140563460,140563460,Pisco
edu_inst_140563619,140563619,Catalina Buendia De Pecho
edu_inst_140567313,140567313,Adolfo Vienrich
edu_inst_140568154,140568154,Peru-Japon
edu_inst_140575746,140575746,Pasco
edu_inst_140584672,140584672,Eleazar Guzman Barron
edu_inst_140584722,140584722,Suiza
edu_inst_140586628,140586628,Aparicio Pomares
edu_inst_140588012,140588012,Trujillo
edu_inst_140591941,140591941,4 De Junio De 1821
edu_inst_140597237,140597237,Simon Bolivar - Callao
edu_inst_140605717,140605717,General Oscar Arteta Terzi
edu_inst_140606475,140606475,Pedro Ortiz Montoya
edu_inst_140606541,140606541,Cajamarca
edu_inst_140622365,140622365,Nueva Esperanza
edu_inst_140622860,140622860,Sullana
edu_inst_140623082,140623082,Julio Cesar Tello
edu_inst_140626192,140626192,Republica Federal De Alemania
edu_inst_140630467,140630467,Juli
edu_inst_140635995,140635995,Almirante Miguel Grau
edu_inst_140636050,140636050,Alfred Nobel
edu_inst_140644013,140644013,Victor Raul Haya De La Torre-Barranca
edu_inst_140653493,140653493,San Marcos Distrito De San Marcos
edu_inst_140659003,140659003,Daniel Alcides Carrion-Daniel Alcides Carrion
edu_inst_140660936,140660936,Manuel Gonzales Prada
edu_inst_140665984,140665984,Daniel Villar
edu_inst_140669515,140669515,Olmos
edu_inst_140669549,140669549,Motupe
edu_inst_140671107,140671107,Huanta
edu_inst_140671115,140671115,Peru-Corea Del Sur
edu_inst_140674614,140674614,Vicus
edu_inst_140674622,140674622,Nestor Samuel Martos Garrido
edu_inst_140675850,140675850,Alto Mayo
edu_inst_140675868,140675868,Rioja
edu_inst_140678425,140678425,Chota
edu_inst_140678433,140678433,Bambamarca
edu_inst_140679779,140679779,Vilcanota
edu_inst_140680769,140680769,San Ignacio
edu_inst_140680959,140680959,Luis E Valcarcel
edu_inst_140681601,140681601,Aija
edu_inst_140681619,140681619,Juan Huarin
edu_inst_140684092,140684092,Oxapampa
edu_inst_140684654,140684654,De Piscobamba
edu_inst_140688051,140688051,Huancavelica
edu_inst_140690545,140690545,Victor Andres Belaunde - Santiago De Chuco
edu_inst_140690966,140690966,Guadalupe
edu_inst_140691691,140691691,Cutervo
edu_inst_140695429,140695429,Honorio Delgado Espinoza
edu_inst_140696039,140696039,Jose Arnaldo Sabogal Dieguez
edu_inst_140696047,140696047,Felipe Alva Y Alva
edu_inst_140697268,140697268,Andres Avelino Caceres Dorregaray - Huancayo
edu_inst_140697276,140697276,San Ignacio De Loyola - Junin
edu_inst_140697722,140697722,Ramon Copaja
edu_inst_140697979,140697979,Cesar Augusto Guardia Mayorga
edu_inst_140698167,140698167,Felipe Huaman Poma De Ayala
edu_inst_140705012,140705012,Gilda Liliana Ballivian Rosado
edu_inst_140713305,140713305,Max Planck
edu_inst_140713339,140713339,Naranjillo
edu_inst_140714451,140714451,Palpa
edu_inst_140716779,140716779,Ayaviri
edu_inst_140719674,140719674,Hermanos Carcamo
edu_inst_140719807,140719807,La Union
edu_inst_140721688,140721688,Joaquin Reategui Medina
edu_inst_140721696,140721696,Mariscal Ramon Castilla
edu_inst_140723775,140723775,De Casma
edu_inst_140723783,140723783,De Huarmey
edu_inst_140723841,140723841,Chocope
edu_inst_140724492,140724492,Erasmo Arellano Guillen
edu_inst_140724500,140724500,Bolivar
edu_inst_140724708,140724708,Paijan
edu_inst_140729533,140729533,Agustin Haya De La Torre
edu_inst_140732792,140732792,Sangarara
edu_inst_140734103,140734103,Atalaya
edu_inst_140734731,140734731,Huamachuco
edu_inst_140736256,140736256,Canipaco
edu_inst_140741744,140741744,Utcubamba
edu_inst_140743336,140743336,Pampas-Tayacaja
edu_inst_140744235,140744235,Paucartambo
edu_inst_140745034,140745034,Bagua
edu_inst_140752469,140752469,Luis Felipe De Las Casas Grieve
edu_inst_140753962,140753962,Abancay
edu_inst_140757112,140757112,Virgen Del Rosario
edu_inst_140757211,140757211,Chipao
edu_inst_140757229,140757229,Aucara
edu_inst_140757880,140757880,Victor Raul Haya De La Torre-Trujillo
edu_inst_140758094,140758094,Florencia De Mora
edu_inst_140760843,140760843,De Huallaga
edu_inst_140760900,140760900,Bellavista
edu_inst_140766766,140766766,Gustavo Eduardo Lanatta Lujan
edu_inst_140767467,140767467,Lonya Grande
edu_inst_140783282,140783282,De Espinar
edu_inst_140787325,140787325,Jatum Yauyos
edu_inst_140790758,140790758,Monsefu
edu_inst_140795914,140795914,Sausa
edu_inst_140797126,140797126,Monseñor Julio Gonzales Ruiz
edu_inst_140798090,140798090,La Oroya
edu_inst_140803072,140803072,Jorge Desmaison Seminario
edu_inst_140803908,140803908,Churcampa
edu_inst_140803981,140803981,Contamana
edu_inst_140814343,140814343,Santa Maria Magdalena
edu_inst_140814723,140814723,La Merced
edu_inst_140814749,140814749,Marco
edu_inst_140814798,140814798,Libertad - Pataz
edu_inst_140814848,140814848,Taurija
edu_inst_140814863,140814863,Pascual Saco Y Oliveros
edu_inst_140814871,140814871,Chongoyape
edu_inst_140814913,140814913,Rodriguez De Mendoza
edu_inst_140814970,140814970,Recuay
edu_inst_140815050,140815050,Faustino B. Franco
edu_inst_140815068,140815068,Chuquibamba
edu_inst_140815092,140815092,Carlos Malpica Rivarola
edu_inst_140815118,140815118,Alfredo Jose Maria Rocha Zegarra
edu_inst_140815134,140815134,San Agustin - Jaen
edu_inst_140815217,140815217,Curahuasi
edu_inst_140817510,140817510,Colonia Del Caco
edu_inst_140849364,140849364,San Marcos - Huari
edu_inst_140886499,140886499,Fernando Leon De Vivero
edu_inst_140891804,140891804,Castilla
edu_inst_140905349,140905349,Vicente Ferrer
edu_inst_140905372,140905372,Antonio Raimondi - Yungay
edu_inst_140911891,140911891,De Llamellin
edu_inst_140918136,140918136,Tsamajain
edu_inst_140920116,140920116,Jose Maria Arguedas - Huancayo
edu_inst_140920736,140920736,De Concepcion
edu_inst_140920769,140920769,Mario Gutierrez Lopez
edu_inst_140929497,140929497,Vilcabamba
edu_inst_140930024,140930024,Chalhuanca
edu_inst_140930230,140930230,Hermenegildo Miranda Segovia
edu_inst_140931022,140931022,Anta
edu_inst_140932384,140932384,Clorinda Matto De Turner
edu_inst_140934570,140934570,Manu
edu_inst_140934638,140934638,Iberia-Tahuamanu
edu_inst_140936096,140936096,Teodoro Rivera Taype
edu_inst_140936708,140936708,Meseta De Bombon
edu_inst_140937417,140937417,Pichanaki
edu_inst_140937656,140937656,San Martin De Pangoa
edu_inst_141001783,141001783,Rio Santa
edu_inst_141001940,141001940,Virgen De Guadalupe-Santa
edu_inst_141016286,141016286,Ricardo Ramos Plata
edu_inst_141016401,141016401,Canchaque
edu_inst_141016443,141016443,Santo Domingo De Guzman - Morropón
edu_inst_141016484,141016484,Manuel Yarleque Espinoza
edu_inst_141023514,141023514,Pedro Vilcapaza
edu_inst_141024785,141024785,Macusani
edu_inst_141025089,141025089,De Cabanillas
edu_inst_141025279,141025279,Acora
edu_inst_141025691,141025691,Huancane
edu_inst_141025824,141025824,Muñani
edu_inst_141026319,141026319,Andres Avelino Caceres - San Antonio De Putina- Puno
edu_inst_141027085,141027085,Ilave
edu_inst_141028919,141028919,San Juan Del Oro
edu_inst_141029297,141029297,De Yunguyo
edu_inst_141029404,141029404,Desaguadero
edu_inst_141032440,141032440,De La Joya
edu_inst_141042571,141042571,Narciso Villanueva Manzo
edu_inst_141058155,141058155,Castrovirreyna
edu_inst_141058650,141058650,Ticrapo
edu_inst_141058742,141058742,Aurahua
edu_inst_141060110,141060110,Manuel Scorza Torre
edu_inst_141060425,141060425,Señor De Gualamita
edu_inst_141064971,141064971,Manuel Seoane Corrales
edu_inst_141065010,141065010,Juan Velasco Alvarado
edu_inst_141065051,141065051,Misioneros Monfortianos
edu_inst_141065093,141065093,San Pedro Del Valle De Mala
edu_inst_141065135,141065135,Antenor Orrego Espinoza
edu_inst_141065176,141065176,Luis Negreiros Vega
edu_inst_141065218,141065218,Oyon
edu_inst_141065259,141065259,Ramiro Priale Priale
edu_inst_141065291,141065291,Huaycan
edu_inst_141065333,141065333,Villa Maria
edu_inst_141065499,141065499,Arturo Sabroso Montoya
edu_inst_141065531,141065531,Cañete
edu_inst_141065572,141065572,Carlos Cueto Fernandini
edu_inst_141065614,141065614,San Francisco De Asis - Lima
edu_inst_141065655,141065655,Manuel Arevalo Caceres
edu_inst_141065697,141065697,Pacaran
edu_inst_141065739,141065739,Amauta Julio C. Tello
edu_inst_141081116,141081116,Alto Huallaga
edu_inst_141081157,141081157,Francisco Vigo Caballero
edu_inst_141101195,141101195,San Luis-Carlos Fermin Fitzcarrald
edu_inst_141101633,141101633,Carhuaz
edu_inst_141101641,141101641,Señor De La Divina Misericordia
edu_inst_141102722,141102722,Jaime Cerron Palomino
edu_inst_141102763,141102763,9 De Mayo
edu_inst_141114412,141114412,Escuela Nacional De Archiveros
edu_inst_141116177,141116177,Jorge Basadre - Islay
edu_inst_141116557,141116557,Nasca
edu_inst_141121789,141121789,Padre Abad
edu_inst_141122308,141122308,Masisea
edu_inst_141124601,141124601,Cenfotur-Centro De Formacion En Turismo
edu_inst_141124833,141124833,Pacaraos
edu_inst_141124957,141124957,Chancay
edu_inst_141126457,141126457,De Los Andes-Mariscal Nieto
edu_inst_141127349,141127349,Omate
edu_inst_141128156,141128156,Jorge Basadre Grohman - Tambopata
edu_inst_141138270,141138270,24 De Julio De Zarumilla
edu_inst_141142108,141142108,Hatun Soras
edu_inst_141144450,141144450,Contralmirante Manuel Villar Olivera
edu_inst_141145002,141145002,Paucar Del Sarasara
edu_inst_141145309,141145309,Damaso Laberge
edu_inst_141145713,141145713,Jose Maria Arguedas - Lucanas
edu_inst_141147669,141147669,De El Estrecho-Rio Putumayo
edu_inst_141148113,141148113,Lagunas
edu_inst_141149459,141149459,Manos Unidas
edu_inst_141150861,141150861,Fernando Lores Tenazoa
edu_inst_141153519,141153519,Amazonas - Yurimaguas
edu_inst_141155860,141155860,Manuel Jesus Diaz Murrugarra
edu_inst_141158385,141158385,Ciudad Eten
edu_inst_141158914,141158914,Enrique Lopez Albujar
edu_inst_141158922,141158922,Edilberto Rivas Vasquez
edu_inst_141160159,141160159,Alberto Pumayalla Diaz
edu_inst_141160175,141160175,Alexander Von Humboldt
edu_inst_141165349,141165349,Hector Vasquez Jimenez
edu_inst_141166560,141166560,Otuzco
edu_inst_141167220,141167220,Ascope
edu_inst_141167923,141167923,Mache
edu_inst_141172436,141172436,Laredo
edu_inst_141175223,141175223,Javier Pulgar Vidal
edu_inst_141175371,141175371,Ricardo Salinas Vara
edu_inst_141175413,141175413,Tinyash
edu_inst_141175454,141175454,Puerto Inca
edu_inst_141177336,141177336,Glicerio Gomez Igarza
edu_inst_141180363,141180363,Juan Jose Farfan Cespedes
edu_inst_141180405,141180405,Señor De Chocan
edu_inst_141180561,141180561,Luciano Castillo Colonna
edu_inst_141180686,141180686,Luis F. Agurto Olaya
edu_inst_141180728,141180728,Simon Bolivar - Paita
edu_inst_141180801,141180801,Ayabaca
edu_inst_141180843,141180843,Lizardo Montero Flores
edu_inst_141187830,141187830,Federico Gonzales Cabezudo
edu_inst_141193135,141193135,Viru
edu_inst_141195890,141195890,Illimo
edu_inst_141198217,141198217,Manuel Antonio Hierro Pozo
edu_inst_141203520,141203520,Chala
edu_inst_141206630,141206630,Centro De Formacion Profesional Binacional
edu_inst_141206671,141206671,Juan Esteban Lopez Cruz
edu_inst_141208073,141208073,Morropon
edu_inst_141214147,141214147,Heroes De Sierra Lumi
edu_inst_141219146,141219146,Federico Uranga
edu_inst_141225325,141225325,Yatraywasi
edu_inst_141232610,141232610,Canta
edu_inst_141249077,141249077,Magda Portal - Cieneguilla
edu_inst_141249192,141249192,Simon Sanchez Reyes
edu_inst_141249796,141249796,Puerto Libre
edu_inst_141257369,141257369,Alianza Renovada Ichuña Belgica
edu_inst_141274364,141274364,Peruano Español
edu_inst_141276492,141276492,Mañazo
edu_inst_141280668,141280668,La Cantuta
edu_inst_141302363,141302363,Copacabana
edu_inst_141303502,141303502,Purus
edu_inst_141313402,141313402,San Pedro - Corongo
edu_inst_141314061,141314061,Ashaninka
edu_inst_141316520,141316520,Cabana
edu_inst_141327253,141327253,Alfredo Sarmiento Palomino
edu_inst_141327295,141327295,Velille
edu_inst_141328970,141328970,Chalhuahuacho
edu_inst_141328988,141328988,Haquira
edu_inst_141331503,141331503,De Chincheros
edu_inst_141331628,141331628,Huaccana
edu_inst_141335744,141335744,El Milagro
edu_inst_141341759,141341759,San Salvador
edu_inst_141345073,141345073,Yanque
edu_inst_141345115,141345115,Valle De Tambo
edu_inst_141348697,141348697,Nuevo Occoro
edu_inst_141349943,141349943,Santo Domingo De Guzman - Sucre
edu_inst_141350404,141350404,San Pedro De Churcampa
edu_inst_141350982,141350982,San Juan-Vilcashuaman
edu_inst_141351527,141351527,Querocoto
edu_inst_141351543,141351543,El Descanso
edu_inst_141351956,141351956,Santa Lucia - Lampa
edu_inst_141355676,141355676,Lurin
edu_inst_141355692,141355692,Centro De Formacion Agricola Moquegua
edu_inst_141359033,141359033,Kimbiri
edu_inst_141359041,141359041,Señor De Locumba
edu_inst_141364678,141364678,San Antonio De Padua
edu_inst_141365865,141365865,Chalamarca
edu_inst_141367127,141367127,De Chirinos
edu_inst_141369792,141369792,Santos Villalobos Huaman
edu_inst_141369842,141369842,Andabamba
edu_inst_141375310,141375310,Chupaca
edu_inst_141377126,141377126,Rodrigo Salazar Palacios
edu_inst_141379171,141379171,Pablo Butz
edu_inst_141380351,141380351,De Progreso
edu_inst_141384478,141384478,Chacas
edu_inst_141384486,141384486,Todas Las Artes
edu_inst_141385095,141385095,Cefop Cajamarca
edu_inst_141385426,141385426,Jose Domingo Choquehuanca
edu_inst_141389949,141389949,Pazos
edu_inst_141389956,141389956,Ruben Maravi Romani
edu_inst_141389972,141389972,Santa Maria De Nieva
edu_inst_141389980,141389980,San Jose
edu_inst_141390004,141390004,Chupa
edu_inst_141390608,141390608,Enrique Pablo Mejia Tupayachi
edu_inst_141391739,141391739,Inmaculada Concepcion
edu_inst_141391747,141391747,Chojata
edu_inst_141392695,141392695,San Lorenzo
edu_inst_141393800,141393800,San Nicolas
edu_inst_141396217,141396217,Virgen De La Natividad
edu_inst_141396290,141396290,Zepita
edu_inst_141403559,141403559,Lircay
edu_inst_141403575,141403575,Virgen De Cocharcas - Angaraes
edu_inst_141412212,141412212,Chillia
edu_inst_141417203,141417203,Mariano Bonin
edu_inst_141530971,141530971,Los Morochucos
edu_inst_141539543,141539543,Leonidas Lopez Chicae
edu_inst_141550789,141550789,Fernando Belaunde Terry
edu_inst_141580034,141580034,Santa Rosa - Melgar (Puno)
edu_inst_141590868,141590868,El Dorado
edu_inst_141604206,141604206,Carlos Laborde
edu_inst_141614262,141614262,Nicanor Mujica Alvarez Calderon
edu_inst_150207597,150207597,Santa Rosa
edu_inst_150207613,150207613,La Salle-Abancay
edu_inst_150239970,150239970,Juliaca
edu_inst_150262311,150262311,Toribio Rodríguez De Mendoza
edu_inst_150273979,150273979,Tarapoto
edu_inst_150276188,150276188,Juan Xxiii
edu_inst_150290924,150290924,Marcos Duran Martel
edu_inst_150310656,150310656,José Jiménez Borja
edu_inst_150356972,150356972,Piura
edu_inst_150391151,150391151,Hno. Victorino Elorz Goicoechea-Cajamarca
edu_inst_150391169,150391169,Arístides Merino Merino
edu_inst_150412189,150412189,Huaraz
edu_inst_150419937,150419937,Nuestra Señora De Lourdes
edu_inst_150421412,150421412,Huancavelica
edu_inst_150453761,150453761,Sagrado Corazón De Jesús
edu_inst_150453787,150453787,Nuestra Señora De Chota
edu_inst_150474320,150474320,Puno
edu_inst_150512855,150512855,Hno. Victorino Elorz Goicoechea-Sullana
edu_inst_150567784,150567784,Mercedes Cabello De Carbonera
edu_inst_150575126,150575126,José María Arguedas-Andahuaylas
edu_inst_150575308,150575308,Gregorio Mendel
edu_inst_150575779,150575779,Gamaniel Blanco Murillo
edu_inst_150576553,150576553,Generalísimo José De San Martin
edu_inst_150584755,150584755,Horacio Zeballos Gamez-Coronel Portillo
edu_inst_150586669,150586669,Túpac Amaru
edu_inst_150591859,150591859,Puquio
edu_inst_150591909,150591909,La Salle-Urubamba
edu_inst_150595090,150595090,Monseñor Elías Olázar
edu_inst_150597278,150597278,Ignacio Amadeo Ramos Olivera-Yungay
edu_inst_150598367,150598367,Pomabamba
edu_inst_150604371,150604371,José Salvador Cavero Ovalle
edu_inst_150608299,150608299,Chincha
edu_inst_150609370,150609370,Gustavo Allende Llaveria
edu_inst_150610519,150610519,Hermilio Valdizan
edu_inst_150611525,150611525,Octavio Matta Contreras
edu_inst_150622936,150622936,Nuestra Señora De La Asunción
edu_inst_150622969,150622969,José Faustino Sánchez Carrión
edu_inst_150623025,150623025,Publico Tayabamba
edu_inst_150630558,150630558,Azángaro
edu_inst_150630616,150630616,Educación Física Lampa
edu_inst_150634659,150634659,Indoamerica
edu_inst_150636811,150636811,Fray Florencio Pascual Alegre González
edu_inst_150637116,150637116,Filiberto García Cuellar
edu_inst_150638130,150638130,Ciro Alegría Bazan
edu_inst_150642090,150642090,Antenor Orrego
edu_inst_150642348,150642348,Víctor Andrés Belaunde
edu_inst_150644807,150644807,Chiquián
edu_inst_150653584,150653584,Fidel Zárate Plasencia
edu_inst_150653592,150653592,13 De Julio De 1882
edu_inst_150666479,150666479,Yarinacocha
edu_inst_150676312,150676312,Publico De Lamas
edu_inst_150681627,150681627,Instituto Superior Pedagogico Publico
edu_inst_150686618,150686618,Chimbote
edu_inst_150688069,150688069,Educación Física-Huancavelica
edu_inst_150688341,150688341,Nuestra Señora Del Rosario
edu_inst_150690388,150690388,David Sánchez Infante
edu_inst_150695452,150695452,Arequipa
edu_inst_150696385,150696385,San Miguel
edu_inst_150697235,150697235,Teodoro Peñaloza
edu_inst_150702902,150702902,Loreto
edu_inst_150708164,150708164,César Abraham Vallejo Mendoza
edu_inst_150713099,150713099,Juana Moreno
edu_inst_150714725,150714725,Público Bambamarca
edu_inst_150721951,150721951,Publico Cangallo
edu_inst_150726414,150726414,Gran Pajaten
edu_inst_150732370,150732370,Manuel Gonzales Prada
edu_inst_150751800,150751800,Jose Crespo Y Castillo
edu_inst_150759217,150759217,Santa Cruz
edu_inst_150783399,150783399,Gregoria Santos
edu_inst_150811489,150811489,Cachicadán
edu_inst_150815084,150815084,San Marcos
edu_inst_150891770,150891770,La Inmaculada
edu_inst_150891952,150891952,Honorio Delgado Espinoza
edu_inst_150921015,150921015,Acolla
edu_inst_150926733,150926733,Pucará
edu_inst_150926840,150926840,José Santos Chocano
edu_inst_150926865,150926865,Rafael Hoyos Rubio
edu_inst_150930057,150930057,José María Arguedas-Aymaraes
edu_inst_150931014,150931014,Virgen Del Carmen
edu_inst_150932368,150932368,José Carlos Mariátegui
edu_inst_150932392,150932392,Coyllurqui
edu_inst_150932475,150932475,Acomayo
edu_inst_150932665,150932665,Divino Jesús (Antes Santo Tomas)
edu_inst_150933218,150933218,Quillabamba
edu_inst_150933788,150933788,Horacio Zeballos Gamez-Quispicanchi
edu_inst_150936856,150936856,Humberto Yauri Martínez
edu_inst_151000694,151000694,Del Santa
edu_inst_151016328,151016328,José Eulogio Garrido Espinoza
edu_inst_151025683,151025683,Huancané
edu_inst_151027754,151027754,Juli
edu_inst_151028554,151028554,Nuñoa
edu_inst_151029123,151029123,José Antonio Encinas-Puno
edu_inst_151059245,151059245,San Juan Bautista
edu_inst_151061498,151061498,Pomacanchi
edu_inst_151065374,151065374,San Josemaría Escriva
edu_inst_151065416,151065416,Emilia Barcia Boniffatti
edu_inst_151078880,151078880,De Uchiza
edu_inst_151093152,151093152,Agustín Bocanegra Y Prada
edu_inst_151096924,151096924,De Picota
edu_inst_151109396,151109396,Tembladera
edu_inst_151113182,151113182,Nuestra Señora De Las Mercedes
edu_inst_151124072,151124072,Monterrico
edu_inst_151141795,151141795,Carlos Medrano Vásquez
edu_inst_151150739,151150739,Cayetano Ardanza
edu_inst_151157916,151157916,Monseñor Francisco González Burga
edu_inst_151160191,151160191,Fray Ángel José Azagra Murillo
edu_inst_151166057,151166057,Huancaspata
edu_inst_151180769,151180769,Manuel Vegas Castillo
edu_inst_151192830,151192830,María Madre
edu_inst_151193259,151193259,Edislao Mera Dávila
edu_inst_151227982,151227982,Pedro Monge Córdova
edu_inst_151273911,151273911,Ayaviri
edu_inst_151275759,151275759,José Antonio Encinas-Tumbes
edu_inst_151396217,151396217,Virgen De La Natividad
edu_inst_151545623,151545623,Alianza Ichuña Bélgica
edu_inst_160000001,160000001,Universidad Nacional Mayor De San Marcos
edu_inst_160000002,160000002,Universidad Nacional De San Cristóbal De Huamanga
edu_inst_160000003,160000003,Universidad Nacional De San Antonio Abad Del Cusco
edu_inst_160000004,160000004,Universidad Nacional De Trujillo
edu_inst_160000005,160000005,Universidad Nacional De San Agustín
edu_inst_160000006,160000006,Universidad Nacional De Ingeniería
edu_inst_160000007,160000007,Universidad Nacional Agraria La Molina
edu_inst_160000009,160000009,Universidad Nacional San Luis Gonzaga
edu_inst_160000010,160000010,Universidad Nacional Del Centro Del Perú
edu_inst_160000011,160000011,Universidad Nacional De La Amazonía Peruana
edu_inst_160000012,160000012,Universidad Nacional Del Altiplano
edu_inst_160000013,160000013,Universidad Nacional De Piura
edu_inst_160000016,160000016,Universidad Nacional De Cajamarca
edu_inst_160000021,160000021,Universidad Nacional Federico Villarreal
edu_inst_160000022,160000022,Universidad Nacional Agraria De La Selva
edu_inst_160000023,160000023,Universidad Nacional Hermilio Valdizán
edu_inst_160000025,160000025,Universidad Nacional De Educación E.G.V.
edu_inst_160000026,160000026,Universidad Nacional Daniel Alcides Carrión
edu_inst_160000027,160000027,Universidad Nacional Del Callao
edu_inst_160000028,160000028,Universidad Nacional José Faustino Sánchez Carrión
edu_inst_160000031,160000031,Universidad Nacional Pedro Ruíz Gallo
edu_inst_160000032,160000032,Universidad Nacional Jorge Basadre Grohmann
edu_inst_160000033,160000033,Universidad Nacional Santiago Antúnez De Mayolo
edu_inst_160000034,160000034,Universidad Nacional De San Martín
edu_inst_160000035,160000035,Universidad Nacional De Ucayali
edu_inst_160000041,160000041,Universidad Nacional De Tumbes
edu_inst_160000042,160000042,Universidad Nacional Del Santa
edu_inst_160000051,160000051,Universidad Nacional De Huancavelica
edu_inst_160000075,160000075,Universidad Nacional Amazónica De Madre De Dios
edu_inst_160000076,160000076,Universidad Nacional Toribio Rodríguez De Mendoza De Amazonas
edu_inst_160000077,160000077,Universidad Nacional Micaela Bastidas De Apurímac
edu_inst_160000084,160000084,Universidad Nacional Intercultural De La Amazonía
edu_inst_160000088,160000088,Universidad Nacional Tecnológica Del Cono Sur De Lima
edu_inst_160000089,160000089,Universidad Nacional José María Arguedas
edu_inst_160000095,160000095,Universidad Nacional De Moquegua
edu_inst_160000098,160000098,Universidad Nacional De Juliaca
edu_inst_160000101,160000101,Universidad Nacional De Jaén
edu_inst_160000106,160000106,Universidad Nacional De Cañete
edu_inst_160000120,160000120,Universidad Nacional Autónoma De Chota
edu_inst_160000121,160000121,Universidad Nacional De Barranca
edu_inst_160000122,160000122,Universidad Nacional De Frontera
edu_inst_160000123,160000123,"Universidad Nacional Intercultural ""Fabiola Salazar Leguía"""
edu_inst_160000124,160000124,Universidad Nacional Intercultural De La Selva Central Juan Santos Atahualpa
edu_inst_160000125,160000125,Universidad Nacional Intercultural De Quillabamba
edu_inst_160000126,160000126,Universidad Nacional Autónoma De Alto Amazonas
edu_inst_160000127,160000127,Universidad Nacional Autónoma Altoandina De Tarma
edu_inst_160000128,160000128,Universidad Nacional Autónoma De Huanta
edu_inst_160000129,160000129,Universidad Nacional Tecnológica De San Juan De Lurigancho
edu_inst_160000130,160000130,Universidad Autónoma Municipal De Los Olivos
edu_inst_160000138,160000138,Universidad Nacional Autonoma De Tayacaja Daniel Hernandez Morillo
edu_inst_160000139,160000139,Universidad Nacional Ciro Alegría
edu_inst_170209858,170209858,Acad. Musica Y Danzas
edu_inst_170240135,170240135,Puno
edu_inst_170276352,170276352,Reg Bellas Artes Ica
edu_inst_170285973,170285973,Leandro Alviña
edu_inst_170326108,170326108,Bellas Artes Del Peru-Lima
edu_inst_170326124,170326124,Conservatorio Nacional De Música
edu_inst_170326132,170326132,Nacional De Ballet
edu_inst_170394098,170394098,Carlos Valderrama
edu_inst_170394106,170394106,Virgilio Rodríguez Nache
edu_inst_170419960,170419960,Escuela Superior De Musica Condorcunca
edu_inst_170419978,170419978,Felipe Guamán Poma De Ayala
edu_inst_170673061,170673061,Daniel Alomía Robles
edu_inst_170679746,170679746,Sérvulo Gutiérrez Alarcón De Ica
edu_inst_170685164,170685164,Victor Morey Peña
edu_inst_170695528,170695528,Carlos Baca Flor
edu_inst_170695536,170695536,Luis Duncker Lavalle
edu_inst_170696005,170696005,Mario Urteaga Alvarado
edu_inst_170699702,170699702,De Formacion Artistica-Huaraz
edu_inst_170702605,170702605,José María Valle Riestra
edu_inst_170702829,170702829,Bellas Artes Macedonio De La Torre
edu_inst_170702837,170702837,Juliaca
edu_inst_170768630,170768630,Escuela Superior De Formacion Artistica-Bagua
edu_inst_170817544,170817544,Eduardo Meza Saravia
edu_inst_170886549,170886549,Francisco Pérez Anampa
edu_inst_170925057,170925057,Formacion Artistica-Tarma
edu_inst_171025584,171025584,Pilcuyo
edu_inst_171027564,171027564,Moho
edu_inst_171061894,171061894,Bellas Artes “Diego Quispe Tito” Calca
edu_inst_171061928,171061928,Bellas Artes Dqt Filial Canchis
edu_inst_171062439,171062439,Bellas Artes “Diego Quispe Tito” Del Cusco
edu_inst_171114693,171114693,José María Arguedas
edu_inst_171114776,171114776,Arte Dramático “Guillermo Ugarte Chamorro”
edu_inst_171125723,171125723,Francisco Laso
edu_inst_171130210,171130210,Ernesto López Mindreau
edu_inst_171148485,171148485,Lorenzo Lujan Darjon
edu_inst_171187368,171187368,Ignacio Merino De Piura
edu_inst_171345198,171345198,Escuela Nacional Superior Autonoma De Bellas Artes Del Peru-Chachapoyas
edu_inst_171637859,171637859,Chabuca Granda
edu_inst_181000001,181000001,"Escuela Militar Del Perú ""Coronel Francisco Bolognesi"""
edu_inst_181000002,181000002,Escuela Naval Del Perú
edu_inst_181000003,181000003,"Escuela De Oficiales De La Fuerza Aérea Del Perú. Capitan Fap ""José Quiñones Gonzales"""
edu_inst_181000004,181000004,Escuela De Oficiales De La Policía Nacional Del Perú
edu_inst_182000001,182000001,Instituto De Educación Superior Tecnologico Naval Citen
edu_inst_182000002,182000002,Instituto Superior Tecnológico Público Del Ejercito
edu_inst_182000003,182000003,Instituto De Educación Superior Tecnológico Aeronáutico Fuerza Aérea Del Perú
edu_inst_182000004,182000004,Escuela Tecnica Superior De La Policia Nacional Del Perú
edu_inst_199999999,199999999,Institución No Especificada
edu_inst_240332510,240332510,Lima
edu_inst_240356931,240356931,San Juan-Sullana
edu_inst_240356949,240356949,Kosmos
edu_inst_240393702,240393702,Chan Chan
edu_inst_240413518,240413518,San Jose Marello
edu_inst_240416123,240416123,Hipolito Unanue-Huaraz
edu_inst_240454033,240454033,Peru Francia (Peru)
edu_inst_240466425,240466425,Daniel Alcides Carrion-Lima
edu_inst_240493791,240493791,Jorge Chavez
edu_inst_240570234,240570234,America
edu_inst_240605147,240605147,Amauta Sede Lima
edu_inst_240605188,240605188,Cayetano Heredia De Lima
edu_inst_240605238,240605238,Nuestra Señora Del Carmen-Lima
edu_inst_240605253,240605253,Tecnologico De Lima - Insttel
edu_inst_240607325,240607325,Federico Villarreal-Lima
edu_inst_240607341,240607341,San Marcos-Lima
edu_inst_240608232,240608232,San Agustin-Ica
edu_inst_240669291,240669291,Santo Toribio De Mogrovejo
edu_inst_240669309,240669309,Republica Argentina
edu_inst_240669317,240669317,Abaco - Chiclayo
edu_inst_240695445,240695445,Cayetano Heredia - Arequipa
edu_inst_240695460,240695460,Ciencias Tecnologicas De Arequipa
edu_inst_240695486,240695486,Cesca Arequipa
edu_inst_240695502,240695502,Unitek-Arequipa
edu_inst_240695510,240695510,Ipsidata
edu_inst_240697961,240697961,Unitek-Ilo
edu_inst_240699595,240699595,Santo Cristo De Bagazan
edu_inst_240702365,240702365,Instituto Peruano De Administracion De Empresas - Ipae-Lima
edu_inst_240702373,240702373,Peruano Aleman
edu_inst_240702407,240702407,San Ignacio De Loyola-Lima
edu_inst_240702423,240702423,Metropolitano
edu_inst_240702456,240702456,Del Norte S.A.C.
edu_inst_240702464,240702464,San Luis-Trujillo
edu_inst_240702472,240702472,Los Libertadores
edu_inst_240702571,240702571,Instituto Tecnico De Administracion De Empresas-Itae
edu_inst_240702654,240702654,Tusan
edu_inst_240702688,240702688,Cevatur Peru
edu_inst_240702696,240702696,Cepea-Lima
edu_inst_240702704,240702704,Idat-Lima
edu_inst_240702761,240702761,Frederick Winslow Taylor
edu_inst_240702803,240702803,Asesoria De Empresas Comerciales Adec
edu_inst_240702811,240702811,Chiclayo
edu_inst_240702894,240702894,Cayetano Heredia -Chiclayo
edu_inst_240709550,240709550,Manuel Mesones Muro - Master System
edu_inst_240724518,240724518,Cima
edu_inst_240736264,240736264,San Pedro-Huancayo
edu_inst_240736272,240736272,Continental
edu_inst_240737544,240737544,Otto Tonsmann
edu_inst_240745679,240745679,Maria Montessori
edu_inst_240745687,240745687,La Recoleta
edu_inst_240758276,240758276,Eugenio Paccelly
edu_inst_240780502,240780502,Benjamin Franklin
edu_inst_240785907,240785907,San Pablo
edu_inst_240794602,240794602,Javier Prado
edu_inst_240814285,240814285,Huando
edu_inst_240814657,240814657,Cevatur Ica
edu_inst_240814699,240814699,Huancayo
edu_inst_240815001,240815001,Del Sur
edu_inst_240815043,240815043,San Jose Oriol
edu_inst_240815142,240815142,Antonio Lorena
edu_inst_240815159,240815159,Catolica De Cusco
edu_inst_240815175,240815175,Khipu
edu_inst_240815183,240815183,Luis Pasteur-Cusco
edu_inst_240815191,240815191,Antonio Raymondi - Cusco
edu_inst_240817577,240817577,Tokio-Coronel Portillo
edu_inst_240846709,240846709,Juanjui
edu_inst_240847277,240847277,Virgen De Las Nieves
edu_inst_240886523,240886523,Jhalebet
edu_inst_240886580,240886580,Estudios Superiores Del Sur
edu_inst_240886986,240886986,Unitek-Ica
edu_inst_240891440,240891440,Esade Computer Center Miguel Grau
edu_inst_240891531,240891531,Elmer Faucett-Arequipa
edu_inst_240891598,240891598,Abaco - Arequipa
edu_inst_240891622,240891622,Hipolito Unanue-Arequipa
edu_inst_240891689,240891689,Tecsup No.2-Arequipa
edu_inst_240891895,240891895,San Felipe
edu_inst_240892257,240892257,Agrario Del Sur
edu_inst_240892281,240892281,Iberoamericano
edu_inst_240892315,240892315,Flavisur
edu_inst_240898189,240898189,Santiago Ramon Y Cajal
edu_inst_240898213,240898213,Albert Einstein
edu_inst_240898452,240898452,Cimac Del Sur
edu_inst_240909697,240909697,Gran Chavin
edu_inst_240911768,240911768,Luis Lumiere
edu_inst_240914325,240914325,Ucayali
edu_inst_240914358,240914358,Antonio Raimondi - Coronel Portillo
edu_inst_240914382,240914382,Ricardo Palma
edu_inst_240914473,240914473,Tec-Centro De Capacitacion Tecnica
edu_inst_240920512,240920512,Tecnofuturo
edu_inst_240920579,240920579,Franklin Roosevelt-Huancayo
edu_inst_240920637,240920637,International System
edu_inst_240920694,240920694,Mi Peru
edu_inst_240920751,240920751,San Francisco De Asis-Huancayo
edu_inst_240920785,240920785,Tecnicos En Cosmetologia Sistema Y Belleza - Tecsyb
edu_inst_240921767,240921767,Christian Barnard-Concepcion
edu_inst_240921866,240921866,Cevatur-Huancayo
edu_inst_240925065,240925065,Santa Lucia-Tarma
edu_inst_240928689,240928689,Real San Felipe
edu_inst_240928903,240928903,San Agustin-Abancay
edu_inst_240931543,240931543,Canchis
edu_inst_240933994,240933994,Urusayhua
edu_inst_240934182,240934182,Americana Del Cusco
edu_inst_241000736,241000736,San Pedro -Chimbote
edu_inst_241000777,241000777,Del Santa
edu_inst_241000785,241000785,Latinoamericano-Santa
edu_inst_241000819,241000819,Rosa Merino Center
edu_inst_241000850,241000850,Santa Rosa De Lima-Chimbote
edu_inst_241003763,241003763,Bitec
edu_inst_241024470,241024470,Unitek-Puno
edu_inst_241024512,241024512,Amauta Sede Puno
edu_inst_241024553,241024553,Del Altiplano
edu_inst_241026533,241026533,Augusto Salazar Bondy
edu_inst_241026541,241026541,Nazaret
edu_inst_241026822,241026822,Unitek-Juliaca
edu_inst_241027549,241027549,Adventistas Del Titicaca
edu_inst_241027622,241027622,Ciproda
edu_inst_241031236,241031236,Thomas Jefferson
edu_inst_241060979,241060979,Galeno
edu_inst_241061407,241061407,Didascalio Cristo Rey
edu_inst_241062371,241062371,Casa Taller Medio Ambiente Y Desarrollo
edu_inst_241062496,241062496,Igatur
edu_inst_241064443,241064443,Ada A. Byron
edu_inst_241064450,241064450,Peru
edu_inst_241064476,241064476,Divina Misericordia
edu_inst_241064922,241064922,Escuela Superior Particular De Administracion Rural - Luis Felipe Massaro Gatnau
edu_inst_241065770,241065770,Maria De Los Angeles Cimas
edu_inst_241065895,241065895,Jose Felix Iguain
edu_inst_241065937,241065937,Computronic Tech-Lima
edu_inst_241066018,241066018,Arzobispo Loayza
edu_inst_241066091,241066091,Nicolas Copernico
edu_inst_241066257,241066257,Franklin Roosevelt-Lima
edu_inst_241066570,241066570,Paul Muller
edu_inst_241066695,241066695,Hugo Pesce Pescetto
edu_inst_241066737,241066737,Alexander Fleming
edu_inst_241066778,241066778,De La Construccion - Capeco
edu_inst_241066935,241066935,Internacional
edu_inst_241067099,241067099,Latino-Lima
edu_inst_241100031,241100031,San Santiago
edu_inst_241101674,241101674,Don Bosco
edu_inst_241101880,241101880,Infotronic
edu_inst_241111921,241111921,Isabel La Catolica-Huanuco
edu_inst_241111962,241111962,Señor De Burgos
edu_inst_241113687,241113687,Salesiano
edu_inst_241113695,241113695,Wernher Von Braun
edu_inst_241113778,241113778,Columbia
edu_inst_241113851,241113851,Nina Design
edu_inst_241113927,241113927,Protesis Dental
edu_inst_241114123,241114123,Eseful
edu_inst_241114206,241114206,De La Clinica Ricardo Palma-Lima
edu_inst_241114214,241114214,Corazon De Jesus
edu_inst_241114339,241114339,Norbert Wiener
edu_inst_241114370,241114370,Alessandro Volta
edu_inst_241114487,241114487,Centro De Investigacion Y Capacitacion Tecnologica-Cicat
edu_inst_241114495,241114495,Seminario Biblico Andino
edu_inst_241114529,241114529,Rochdale
edu_inst_241114560,241114560,El Buen Pastor
edu_inst_241114651,241114651,"Arte, Negocio Y Tecnologia-Esantec"
edu_inst_241114685,241114685,La Catolica Lima Norte
edu_inst_241114743,241114743,San Javier Del Marañon
edu_inst_241114768,241114768,Peruano De Sistemas Sise
edu_inst_241114818,241114818,Teccen
edu_inst_241114842,241114842,Toulouse Lautrec
edu_inst_241114974,241114974,Computron -Lima
edu_inst_241115096,241115096,Tecsup No.1-Lima
edu_inst_241115179,241115179,De Los Andes-Lima
edu_inst_241115203,241115203,Humberto Cauwe
edu_inst_241115286,241115286,De Tecnicas Agropecuarias-Intap
edu_inst_241115336,241115336,Seminario Evangelico De Lima
edu_inst_241115419,241115419,Charles Chaplin
edu_inst_241115492,241115492,Montessori
edu_inst_241115567,241115567,Sergio Bernales-Lima
edu_inst_241115575,241115575,Yachay Wasi
edu_inst_241115609,241115609,Cesca-Lima
edu_inst_241115658,241115658,Megatronic
edu_inst_241115682,241115682,Instituto Cientifico Tecnologico Del Peru - Incitep
edu_inst_241115690,241115690,Abaco-Lima
edu_inst_241115807,241115807,Optica Y Optometria
edu_inst_241115849,241115849,Orson Welles
edu_inst_241115856,241115856,Peruano De Marketing
edu_inst_241115880,241115880,Instituto Peruano De Publicidad
edu_inst_241115922,241115922,Sistemas Peru
edu_inst_241115963,241115963,San Agustin-Lima
edu_inst_241117431,241117431,Peruano Canadiense
edu_inst_241117548,241117548,Sistemas Y Administracion Moderna - Essam
edu_inst_241117670,241117670,Data Systems Ingenieros
edu_inst_241119577,241119577,Felix De La Rosa Reategui Y Gaviria
edu_inst_241122951,241122951,Sabio Nacional Antunez De Mayolo-Telesup
edu_inst_241123033,241123033,Elmer Faucett-Lima
edu_inst_241123041,241123041,Escuela Superior Privada De Tecnologia Senati
edu_inst_241123116,241123116,Euroidiomas
edu_inst_241123157,241123157,Peruano De Arte Y Diseño
edu_inst_241123314,241123314,Cibertec
edu_inst_241123405,241123405,De Formacion Bancaria Ifb
edu_inst_241123439,241123439,Interpretacion Y Traduccion De Lima
edu_inst_241123447,241123447,Centro De Altos Estudios De La Moda - Ceam
edu_inst_241123470,241123470,Orval
edu_inst_241123512,241123512,Sencico-Lima
edu_inst_241123561,241123561,De Optometria Y Ciencias Eurohispano
edu_inst_241123603,241123603,Alexander Graham Bell
edu_inst_241123637,241123637,San Ignacio De Monterrico-Sidem
edu_inst_241123686,241123686,Ela
edu_inst_241123710,241123710,Beta Computer
edu_inst_241123751,241123751,Trilce
edu_inst_241123769,241123769,Lincoln
edu_inst_241123793,241123793,Alexander Von Humboldt
edu_inst_241123843,241123843,Santa Rosa De Lima-Lima
edu_inst_241123918,241123918,De Comercio Exterior
edu_inst_241123926,241123926,Maria Elena Moyano
edu_inst_241124114,241124114,De Marketing Del Peru
edu_inst_241124163,241124163,Idatur
edu_inst_241124205,241124205,Master Byte
edu_inst_241124296,241124296,Hipolito Unanue-San Martin
edu_inst_241124312,241124312,Sergio Bernales Garcia-Cañete
edu_inst_241124338,241124338,Ciro Alegria
edu_inst_241124353,241124353,Condoray
edu_inst_241124361,241124361,Peru Pacifico
edu_inst_241124379,241124379,Blaise Pascal
edu_inst_241124403,241124403,Selene
edu_inst_241124411,241124411,Maria Parado De Bellido-San Martin
edu_inst_241124437,241124437,Valle Grande
edu_inst_241124486,241124486,De Diseño Publicitario Leo Design
edu_inst_241124510,241124510,Santa Rosa De Lima-Huaura
edu_inst_241124528,241124528,Abc Informatica
edu_inst_241124569,241124569,Latino-San Juan
edu_inst_241124593,241124593,Jose Santos Chocano
edu_inst_241124627,241124627,Borje Langefords
edu_inst_241124643,241124643,Unicenter- Universal Informatic Center
edu_inst_241124684,241124684,Andre Vesalio
edu_inst_241124767,241124767,Art Nouveau
edu_inst_241124791,241124791,Sergio Bernales Garcia-Huaral
edu_inst_241125848,241125848,Francisco Antonio De Zela
edu_inst_241125889,241125889,Guillermo Almenara Martins
edu_inst_241126002,241126002,John Von Neumann
edu_inst_241126135,241126135,Lord Byron
edu_inst_241126549,241126549,Mariscal Domingo Nieto
edu_inst_241126606,241126606,Detecsur
edu_inst_241127240,241127240,Instituto Superior De Administracion Y Direccion De Empresas - Isade
edu_inst_241127281,241127281,San Luis Maria De Montfort
edu_inst_241127364,241127364,Sistemas Del Sur
edu_inst_241135334,241135334,Mariano Iberico Rodriguez
edu_inst_241135342,241135342,Sergio Bernales-Cajamarca
edu_inst_241140185,241140185,La Pontificia-Huamanga
edu_inst_241140227,241140227,Cesde (Centro De Enseñanza Superior Para El Desarrollo)
edu_inst_241140268,241140268,Maria Parado De Bellido-Huamanga
edu_inst_241141241,241141241,Paracas Sistems
edu_inst_241141282,241141282,Fermin Tanguis
edu_inst_241143023,241143023,Modern Systems
edu_inst_241147180,241147180,Emilio Romero Padilla
edu_inst_241147222,241147222,Reyna De Las Americas
edu_inst_241153550,241153550,Cepea-Alto Amazonas
edu_inst_241153931,241153931,San Francisco
edu_inst_241156884,241156884,Stanford
edu_inst_241157437,241157437,San Juan Bosco
edu_inst_241158534,241158534,Tuman
edu_inst_241158807,241158807,De Alta Direccion De Empresas Hispano-Americana
edu_inst_241159680,241159680,Idat Chiclayo
edu_inst_241160134,241160134,Andres Avelino Caceres Dorregaray - Pasco
edu_inst_241162726,241162726,Josafat Roel Pineda
edu_inst_241162841,241162841,Cristo Rey
edu_inst_241174929,241174929,Abaco - Trujillo
edu_inst_241174960,241174960,Louis Pasteur-Trujillo
edu_inst_241175009,241175009,Cevatur Trujillo
edu_inst_241175082,241175082,De Ciencias-Intec (Hipolito Unanue)
edu_inst_241175124,241175124,Instituto De Administracion Y Contabilidad Idac
edu_inst_241175207,241175207,Libertad-Trujillo
edu_inst_241179191,241179191,Nuestra Señora Del Carmen-Talara
edu_inst_241180520,241180520,Santa Ursula
edu_inst_241180884,241180884,Jose Carlos Mariategui-Talara
edu_inst_241182625,241182625,Florence Nightingale
edu_inst_241182666,241182666,Jesus Divino
edu_inst_241182823,241182823,Cibernet-Chiclayo
edu_inst_241183243,241183243,Juan Mejia Baca
edu_inst_241183284,241183284,Enrique Hanz Brunning
edu_inst_241183326,241183326,La Catolica-Chiclayo
edu_inst_241183391,241183391,Cevatur-Chiclayo ( Altos Estudios Turisticos)
edu_inst_241183409,241183409,Maysa
edu_inst_241183433,241183433,Santa Maria Mazzarello
edu_inst_241183714,241183714,American Institute
edu_inst_241185503,241185503,San Martin De Porras
edu_inst_241185669,241185669,Santa Angela
edu_inst_241185701,241185701,Idat - Piura
edu_inst_241185743,241185743,Ateneo Demostenes
edu_inst_241185784,241185784,Charles Ashbee
edu_inst_241185826,241185826,Tallan
edu_inst_241185867,241185867,San Isidro De Piura
edu_inst_241185909,241185909,Abaco - Piura
edu_inst_241185941,241185941,Sol Del Norte
edu_inst_241185982,241185982,Isa Integral
edu_inst_241186022,241186022,Santa Maria De Los Angeles - Cimas
edu_inst_241186147,241186147,Alas Peruanas - Piura
edu_inst_241186188,241186188,Pacifico Norte
edu_inst_241191030,241191030,Del Oriente
edu_inst_241193093,241193093,Escuela De Negocios Y Desarrollo Gerencial
edu_inst_241195676,241195676,Christian Barnard-Callao
edu_inst_241200856,241200856,Abaco - Cusco
edu_inst_241200864,241200864,Sencico Cusco
edu_inst_241203132,241203132,Centro De Estudios De Alta Montaña
edu_inst_241203553,241203553,Cevatur- Arequipa
edu_inst_241203884,241203884,Salud Y Belleza
edu_inst_241204759,241204759,La Pontificia-Andahuaylas
edu_inst_241204866,241204866,Tokio Tarapoto
edu_inst_241206523,241206523,De Administracion Gerencial Isag-Piura
edu_inst_241206754,241206754,Del Nor Oeste
edu_inst_241208685,241208685,Sigmund Freud
edu_inst_241210640,241210640,"Informática, Computación Y Ciencias Empresariales - Icce"
edu_inst_241210699,241210699,Nueva Tecnologia Educativa-Novatec
edu_inst_241212067,241212067,San Eduardo
edu_inst_241213172,241213172,De Formacion Empresarial En Computacion E Informatica - Itec
edu_inst_241213255,241213255,Edutec
edu_inst_241215540,241215540,Unitek-Tacna
edu_inst_241221035,241221035,Juan Bosco De Huanuco
edu_inst_241221969,241221969,Toribio Rodriguez De Mendoza
edu_inst_241222041,241222041,Computer G & L
edu_inst_241223882,241223882,Educacion Y Solidaridad
edu_inst_241224807,241224807,De Administracion Gerencial - Isag-Chiclayo
edu_inst_241225135,241225135,Huanuco
edu_inst_241225168,241225168,Sencico Chiclayo
edu_inst_241231877,241231877,Celacit-Latinoamericano De Ciencias Y Tecnologia
edu_inst_241231893,241231893,Jacqueline
edu_inst_241232131,241232131,Ingeniero Carlos Lisson Beingolea
edu_inst_241232214,241232214,Madre Josefina Vannini
edu_inst_241232735,241232735,Complejo Hospitalario San Pablo
edu_inst_241232776,241232776,Tecnimedia
edu_inst_241232974,241232974,Santa Rosa-Lima
edu_inst_241233030,241233030,Aduanec
edu_inst_241233170,241233170,Robert Owen
edu_inst_241233253,241233253,Le Cordon Bleu Peru
edu_inst_241236769,241236769,Isabel La Catolica-Piura
edu_inst_241236801,241236801,Sencico Piura
edu_inst_241236843,241236843,Carlos Augusto Salaverry Ramirez
edu_inst_241236884,241236884,International American College I.A.C.
edu_inst_241236926,241236926,Ilp La Pontificia
edu_inst_241238922,241238922,Sencico Arequipa
edu_inst_241238963,241238963,Tekno'S
edu_inst_241239003,241239003,Alas Peruanas -Arequipa
edu_inst_241239466,241239466,Chaminade Marianistas
edu_inst_241239508,241239508,San Pedro Del Mar
edu_inst_241244458,241244458,Latinoamericano-Trujillo
edu_inst_241248756,241248756,Instituto De Desarrollo Empresarial Y Administrativo-Idea
edu_inst_241248830,241248830,John A. Mackay
edu_inst_241248954,241248954,Nuestra Señora De Montserrat
edu_inst_241249234,241249234,Instituto De Investigacion Socioeconomico Latinoamericano - Isel
edu_inst_241249275,241249275,Tecnotronic
edu_inst_241249358,241249358,American System
edu_inst_241249390,241249390,Pablo Casals
edu_inst_241249473,241249473,Jose Crisam
edu_inst_241249598,241249598,Centro De Promoción Rural E Integral-Ceprorui
edu_inst_241249739,241249739,Santa Luzmila
edu_inst_241249952,241249952,Waterford
edu_inst_241250091,241250091,Victor Andres Belaunde-Lima
edu_inst_241250133,241250133,Virgen De Guadalupe-Lima
edu_inst_241250257,241250257,Libertador
edu_inst_241250281,241250281,John Dewey
edu_inst_241272038,241272038,De Avance Tecnológico Y Científico-Isatec
edu_inst_241302629,241302629,Centro De Instruccion De Aviacion Civil Corpac
edu_inst_241305556,241305556,Cibernet Utcubamba
edu_inst_241313485,241313485,Ambrossia - Cusco
edu_inst_241313667,241313667,Señor De Pumallucay
edu_inst_241314137,241314137,Selva System
edu_inst_241314400,241314400,Instituto Peruano De Administracion De Empresas Ipae-Ica
edu_inst_241315647,241315647,Cenfomin - Centro De Formacion En Mineria
edu_inst_241316637,241316637,Nuevo Pachacutec
edu_inst_241317619,241317619,Instituto Peruano De Administracion De Empresas Ipae-Arequipa
edu_inst_241317650,241317650,Los Lideres
edu_inst_241320027,241320027,Cevatur - Iquitos
edu_inst_241320035,241320035,Instituto Peruano De Administracion De Empresas Ipae-Iquitos
edu_inst_241321942,241321942,De Ciencias De La Informacion
edu_inst_241323260,241323260,De Investigaciones Industriales
edu_inst_241325786,241325786,De Integracion Internacional - Inter
edu_inst_241328046,241328046,Nueva America
edu_inst_241328236,241328236,Istepsa
edu_inst_241341619,241341619,Southern Technological Institute
edu_inst_241345065,241345065,Turismo Sagrados Corazones De Arequipa
edu_inst_241345099,241345099,Esdit
edu_inst_241345107,241345107,Computronic Tech-Arequipa
edu_inst_241345123,241345123,Agronegocios Del Sur
edu_inst_241346626,241346626,Virgen De Cocharcas-Jauja
edu_inst_241350610,241350610,San Andres-Lima
edu_inst_241350628,241350628,Trentino Juan Pablo Ii De Manchay
edu_inst_241350636,241350636,Global Institute
edu_inst_241350644,241350644,De Artes Visuales Edith Sachs
edu_inst_241350651,241350651,Crea E Innova - Instituto De Emprendedores
edu_inst_241350669,241350669,Ishotur
edu_inst_241351436,241351436,Apolo'S
edu_inst_241351444,241351444,Unibact
edu_inst_241351451,241351451,Master'S
edu_inst_241351477,241351477,Instituto Peruano De Administracion De Empresas Ipae-Chiclayo
edu_inst_241351485,241351485,Edutec-Instituto De Formacion Empresarial
edu_inst_241351493,241351493,Stendhal
edu_inst_241351501,241351501,Celendin
edu_inst_241351519,241351519,La Catolica-Chota
edu_inst_241351535,241351535,Sergio Bernales - Chota
edu_inst_241351550,241351550,Virgen De Copacabana
edu_inst_241351576,241351576,Buenaventura Mestanza Mori
edu_inst_241351584,241351584,Nuevo Milenio
edu_inst_241351592,241351592,Gestion & Salud
edu_inst_241351964,241351964,Boulanger
edu_inst_241351972,241351972,Camisea
edu_inst_241355528,241355528,De Gastronomia Le Cuisinier
edu_inst_241355643,241355643,De Administracion Y Promotoria Empresarial - Inape
edu_inst_241355650,241355650,De La Clinica Ricardo Palma - Sede Callao
edu_inst_241355668,241355668,Tuinen Star
edu_inst_241355684,241355684,Daitec
edu_inst_241364686,241364686,De Salud Alberto Barton Thompsom
edu_inst_241364694,241364694,Del Cusco - Anta
edu_inst_241366574,241366574,Genova
edu_inst_241367135,241367135,Centro De Psicoterapia Psicoanalitica De Lima
edu_inst_241375815,241375815,Tecsup Trujillo
edu_inst_241380310,241380310,San Ignacio De Pedralbes
edu_inst_241380336,241380336,Cumbre
edu_inst_241381771,241381771,San Antonio
edu_inst_241385079,241385079,Cefop La Libertad
edu_inst_241385509,241385509,Latino-Cusco
edu_inst_241385566,241385566,Regional Del Sur
edu_inst_241385574,241385574,Essumin
edu_inst_241386937,241386937,Esitur International
edu_inst_241387349,241387349,Ccapac
edu_inst_241389964,241389964,Apu-Rimac
edu_inst_241389998,241389998,Futuro Del Sur-El Carmen
edu_inst_241390392,241390392,De Formacion Bancaria - Chiclayo
edu_inst_241390434,241390434,Madre Del Amor Hermoso
edu_inst_241390616,241390616,Tecnova
edu_inst_241391713,241391713,Moyobamba
edu_inst_241391721,241391721,Chio Lecca
edu_inst_241393818,241393818,Lucrecia Prado Vargas
edu_inst_241395177,241395177,Signos De Fe
edu_inst_241395185,241395185,"Ciencia, Tecnologia Y Deporte-Cited"
edu_inst_241395193,241395193,Le Gourmet Del Peru
edu_inst_241395771,241395771,Produce Y Exporta
edu_inst_241396993,241396993,Virginia Henderson
edu_inst_241404953,241404953,Amazonico
edu_inst_241407147,241407147,Tepnum
edu_inst_241407154,241407154,Juana Maria Condesa
edu_inst_241410166,241410166,Altos Estudios Empresariales E Idiomas - Bs & L
edu_inst_241412469,241412469,Hessen
edu_inst_241414010,241414010,De Formacion Bancaria - Arequipa
edu_inst_241421114,241421114,Alas Peruanas - Ica
edu_inst_241421759,241421759,Computer Master
edu_inst_241424647,241424647,Tecnología E Informática Del Sur
edu_inst_241424688,241424688,Alas Peruanas - Chincha
edu_inst_241425008,241425008,Unitek-Chincha
edu_inst_241425057,241425057,Federico Villarreal - Chincha
edu_inst_241434166,241434166,Infonet
edu_inst_241437383,241437383,Inter Express
edu_inst_241440841,241440841,De Moda Y Diseño Mad
edu_inst_241444876,241444876,Leonardo Da Vinci-Compumatic-Trujillo
edu_inst_241445006,241445006,Sencico Trujillo
edu_inst_241445709,241445709,John F. Kennedy
edu_inst_241445766,241445766,Interamericano
edu_inst_241446434,241446434,Von Humboldt
edu_inst_241446772,241446772,San Marcos-Trujillo
edu_inst_241448182,241448182,Educacion Para El Desarrollo
edu_inst_241450907,241450907,Hipocrates
edu_inst_241450949,241450949,Francisco Ricci
edu_inst_241460492,241460492,El Pacifico
edu_inst_241460633,241460633,Isa Chiclayo
edu_inst_241461334,241461334,William Boeing
edu_inst_241464320,241464320,Corriente Alterna
edu_inst_241468032,241468032,S&D
edu_inst_241468040,241468040,Avia
edu_inst_241468073,241468073,Peruano De Chefs
edu_inst_241468081,241468081,Cessag
edu_inst_241468107,241468107,"Administracion, Negocios Y Finanzas - Afiban"
edu_inst_241468115,241468115,Skill Com
edu_inst_241468123,241468123,Ipemec
edu_inst_241468131,241468131,Instituto De Formacion Y Asesoramiento Profesional - Infap Notre Dame
edu_inst_241468149,241468149,Centro De La Imagen
edu_inst_241468198,241468198,San Vicente De Paul
edu_inst_241468206,241468206,Alas Peruanas - Lima Instituto De Estudios Empresariales
edu_inst_241468214,241468214,Centro Peruano De Estudios Bancarios-Cepeban
edu_inst_241468222,241468222,Centro De Investigacion Para El Desarrollo Tecnologico-Cidet
edu_inst_241468255,241468255,Tecnologico De Libre Comercio San Jose Del Sur
edu_inst_241468271,241468271,Vival
edu_inst_241468289,241468289,Tecnologico De Estudios Administrativos - Isea
edu_inst_241468297,241468297,International American College Headway College
edu_inst_241468305,241468305,Expro - Excelencia Profesional
edu_inst_241468313,241468313,De Textileria Y Comercio - Itc
edu_inst_241468321,241468321,De Telematica Gauss Data Virtual
edu_inst_241468347,241468347,Instituto De Profesiones Empresariales - Inteci
edu_inst_241468354,241468354,Alta Cocina D Gallia
edu_inst_241468362,241468362,Matrix
edu_inst_241468396,241468396,Cevatec-Lima
edu_inst_241468511,241468511,De Gastronomia Marcelino Pan Y Vino
edu_inst_241468578,241468578,De Direccion Intermedia Came
edu_inst_241468586,241468586,Gastrotur Peru
edu_inst_241468628,241468628,Addis
edu_inst_241468636,241468636,Educacion Medica San Fernando
edu_inst_241468644,241468644,La Florida Del Inca
edu_inst_241468651,241468651,Le Grand Gourmet
edu_inst_241469931,241469931,Francis Collins
edu_inst_241469949,241469949,Normedic - Cajamarca
edu_inst_241469956,241469956,Gabriela Porto De Power
edu_inst_241469964,241469964,Iberotec
edu_inst_241472257,241472257,Walter Peñaloza Ramella
edu_inst_241472273,241472273,Administracion Y Negocios
edu_inst_241472281,241472281,De Salud Feliciano Rodriguez Cruz
edu_inst_241525856,241525856,Esivi
edu_inst_241526045,241526045,De Emprendedores-Lima
edu_inst_241526052,241526052,Peru - Catolica
edu_inst_241528181,241528181,Muchik
edu_inst_241528561,241528561,Santa Cruz
edu_inst_241528579,241528579,Instituto De Formacion Minera Del Peru
edu_inst_241528587,241528587,Blue Ribbon International Cusco
edu_inst_241528595,241528595,Lideres
edu_inst_241528603,241528603,Bill Gates
edu_inst_241528728,241528728,Americana De Madre De Dios
edu_inst_241528736,241528736,Ceturgh Peru
edu_inst_241528751,241528751,Idat - Tarapoto
edu_inst_241530690,241530690,Americano
edu_inst_241536606,241536606,Secomtur
edu_inst_241536663,241536663,Fibonacci
edu_inst_241539840,241539840,Rudolf Diesel
edu_inst_241544121,241544121,Gran Bolivar
edu_inst_241571314,241571314,De Turismo De Puno
edu_inst_241571504,241571504,De Turismo San Luis De Alba
edu_inst_241582162,241582162,San Juan Bautista La Salle
edu_inst_241582196,241582196,Mario Samame Boggio
edu_inst_241585819,241585819,Tecsel
edu_inst_241595438,241595438,Centro De Formacion Agricola - Tacna
edu_inst_241600469,241600469,Ciencias De La Salud
edu_inst_241600519,241600519,Trial
edu_inst_241607647,241607647,Redemptoris Mater
edu_inst_241608090,241608090,Accion Comunitaria
edu_inst_241612753,241612753,Cibernetica Y Tecnología
edu_inst_241616788,241616788,Instituto Peruano De Administracion De Empresas Ipae-Piura
edu_inst_241633668,241633668,Acip
edu_inst_241635317,241635317,Computron Cajamarca
edu_inst_249062610,249062610,Nuestro Señor De Huamantanga
edu_inst_250543355,250543355,Juan Diego
edu_inst_250607366,250607366,Víctor Andrés Belaunde - Lima
edu_inst_250691121,250691121,San Carlos Y San Marcelo
edu_inst_250784561,250784561,Manuel Santana Chiri
edu_inst_250886556,250886556,Jorge Basadre
edu_inst_250886564,250886564,Señor De Luren
edu_inst_250886572,250886572,Jhalebep (Antes José Matías Manzanilla)
edu_inst_250892109,250892109,María Montessori
edu_inst_250898429,250898429,Federico Kaiser
edu_inst_250911925,250911925,Experimental Catolico
edu_inst_250920264,250920264,Héroes De La Breña
edu_inst_250920298,250920298,Isabel La Católica
edu_inst_250920322,250920322,Juan Enrique Pestalozzi
edu_inst_250920363,250920363,Kenneth Cooper
edu_inst_250920454,250920454,San José-Huancayo
edu_inst_250928655,250928655,Pukllasunchis (Ricardo Palma)
edu_inst_250928846,250928846,América-Abancay
edu_inst_250931519,250931519,Divino Maestro
edu_inst_250931550,250931550,Amauta-Espinar
edu_inst_250933168,250933168,Bernabé Cobo
edu_inst_250933242,250933242,Santa Ana
edu_inst_250933622,250933622,Arco Iris
edu_inst_250934158,250934158,Uriel García
edu_inst_251026806,251026806,Ricardo Palma Soriano
edu_inst_251026830,251026830,Fernando Stahll
edu_inst_251027093,251027093,Simón Bolívar
edu_inst_251027473,251027473,Nuestra Señora De Lourdes
edu_inst_251029305,251029305,Isaac Newton
edu_inst_251029313,251029313,Libertador José De San Martín
edu_inst_251029669,251029669,Dante Nava
edu_inst_251029800,251029800,Edutek-San Roman
edu_inst_251029909,251029909,Andrés Bello
edu_inst_251058551,251058551,Santa Rosa
edu_inst_251066216,251066216,Amauta-Lima
edu_inst_251066414,251066414,San Juan Bosco
edu_inst_251067057,251067057,América-Lima
edu_inst_251067131,251067131,Nicolás Copérnico
edu_inst_251067172,251067172,San Marcos
edu_inst_251101716,251101716,Don Bosco
edu_inst_251112044,251112044,Esteban Pavletich
edu_inst_251113224,251113224,Horacio Urteaga
edu_inst_251113729,251113729,Salesiano
edu_inst_251114081,251114081,San Marcelo
edu_inst_251114131,251114131,Eric Berne
edu_inst_251114321,251114321,Santo Domingo
edu_inst_251114362,251114362,Jesús El Maestro
edu_inst_251114404,251114404,José Carlos Mariátegui
edu_inst_251114446,251114446,Paulo Freire
edu_inst_251114701,251114701,Pakamuros
edu_inst_251114735,251114735,Nuestra Señora De La Evangelización
edu_inst_251115088,251115088,Diego Thompson
edu_inst_251115120,251115120,José Jiménez Borja
edu_inst_251115138,251115138,Schiller Goethe
edu_inst_251115328,251115328,Antonio Raimondi
edu_inst_251115443,251115443,María Auxiliadora
edu_inst_251123249,251123249,Marianne Frostig
edu_inst_251123397,251123397,Auguste Renoir
edu_inst_251124247,251124247,San Silvestre
edu_inst_251124270,251124270,Jesús De Nazareth
edu_inst_251125111,251125111,San José-Cañete
edu_inst_251125764,251125764,Edutek-Tacna
edu_inst_251132703,251132703,Tacabamba
edu_inst_251135292,251135292,Cajamarca
edu_inst_251135300,251135300,San Francisco De Asís
edu_inst_251140144,251140144,Cuna De La Libertad Americana
edu_inst_251141167,251141167,Abraham Valdelomar
edu_inst_251141209,251141209,Ballestas
edu_inst_251143536,251143536,Chilimasa
edu_inst_251154210,251154210,Cenit Galeaza
edu_inst_251158484,251158484,Peruano Canadiense
edu_inst_251172279,251172279,Marcelino Champagnat
edu_inst_251174424,251174424,Libertad
edu_inst_251174507,251174507,Oxford
edu_inst_251174580,251174580,Virgen De La Puerta
edu_inst_251192954,251192954,Paulo Vi
edu_inst_251192996,251192996,Peruano De La Ciencia Y La Cultura Ipec
edu_inst_251196336,251196336,Del Valle Zaña
edu_inst_251198019,251198019,El Nazareno
edu_inst_251200591,251200591,Salesiano Domingo Savio
edu_inst_251232891,251232891,Claridad
edu_inst_251243211,251243211,Alexander Fleming
edu_inst_251245380,251245380,Virgen Del Carmen
edu_inst_251254739,251254739,Ada A. Byron
edu_inst_251255389,251255389,José Crisam
edu_inst_251255587,251255587,Marywood
edu_inst_251255629,251255629,Divino Niño Jesús
edu_inst_251256775,251256775,Von Braun
edu_inst_251257013,251257013,Divino Niño
edu_inst_251272145,251272145,Jesús Maestro
edu_inst_251321769,251321769,Headway College
edu_inst_251325794,251325794,Nuestra Señora De Fátima Divina Providencia
edu_inst_251345081,251345081,Juan Pablo Vizcardo Y Guzmán
edu_inst_251386531,251386531,Didascalio Jesús Maestro
edu_inst_251394196,251394196,Konrad Adenahuer
edu_inst_251421106,251421106,Señor De Los Milagros
edu_inst_251450915,251450915,La Libertad-Chepen
edu_inst_251451608,251451608,Julcán
edu_inst_251461144,251461144,Ciencia Y Libertad
edu_inst_251468057,251468057,Louis Baudin
edu_inst_251468594,251468594,Euroamericano
edu_inst_251468602,251468602,Museo De Arte De Lima
edu_inst_251468610,251468610,Calidad En Redes De Aprendizaje- Crea
edu_inst_251595495,251595495,José Luis Bustamante Y Rivero
edu_inst_260000008,260000008,Pontificia Universidad Católica Del Perú
edu_inst_260000014,260000014,Universidad Peruana Cayetano Heredia
edu_inst_260000015,260000015,Universidad Católica De Santa María
edu_inst_260000017,260000017,Universidad Del Pacífico
edu_inst_260000018,260000018,Universidad De Lima
edu_inst_260000019,260000019,Universidad De San Martín De Porres
edu_inst_260000020,260000020,Universidad Femenina Del Sagrado Corazón
edu_inst_260000024,260000024,Universidad Inca Garcilaso De La Vega
edu_inst_260000029,260000029,Universidad De Piura
edu_inst_260000030,260000030,Universidad Ricardo Palma
edu_inst_260000036,260000036,Universidad Andina Nestor Cáceres Velásquez
edu_inst_260000037,260000037,Universidad Peruana Los Andes
edu_inst_260000038,260000038,Universidad Peruana Unión
edu_inst_260000039,260000039,Universidad Andina Del Cusco
edu_inst_260000040,260000040,Universidad Tecnológica De Los Andes
edu_inst_260000043,260000043,Universidad Privada De Tacna
edu_inst_260000044,260000044,Universidad Particular De Chiclayo
edu_inst_260000045,260000045,Universidad Privada San Pedro
edu_inst_260000046,260000046,Universidad Privada Antenor Orrego
edu_inst_260000047,260000047,Universidad De Huánuco
edu_inst_260000048,260000048,Universidad José Carlos Mariátegui
edu_inst_260000049,260000049,Universidad Privada Marcelino Champagnat
edu_inst_260000050,260000050,Universidad Científica Del Perú
edu_inst_260000052,260000052,Universidad Privada César Vallejo
edu_inst_260000053,260000053,Universidad Católica Los Ángeles De Chimbote
edu_inst_260000054,260000054,Universidad Peruana De Ciencias Aplicadas
edu_inst_260000055,260000055,Universidad Privada Del Norte
edu_inst_260000057,260000057,Universidad Privada San Ignacio De Loyola
edu_inst_260000059,260000059,Universidad Alas Peruanas
edu_inst_260000061,260000061,Universidad Privada Norbert Wiener
edu_inst_260000062,260000062,Universidad Católica San Pablo
edu_inst_260000063,260000063,Universidad Privada De Ica
edu_inst_260000064,260000064,Asociación Universidad Privada San Juan Bautista
edu_inst_260000065,260000065,Universidad Tecnológica Del Perú
edu_inst_260000067,260000067,Universidad Continental
edu_inst_260000068,260000068,Universidad Científica Del Sur
edu_inst_260000069,260000069,Universidad Católica Santo Toribio De Mogrovejo
edu_inst_260000070,260000070,Universidad Privada Antonio Guillermo Urrelo
edu_inst_260000071,260000071,Universidad Católica Sedes Sapientiae
edu_inst_260000072,260000072,Universidad Privada Señor De Sipán
edu_inst_260000074,260000074,Universidad Católica De Trujillo Benedicto Xvi
edu_inst_260000078,260000078,Universidad Peruana De Las Américas
edu_inst_260000079,260000079,Universidad Esan
edu_inst_260000080,260000080,Universidad Antonio Ruíz De Montoya
edu_inst_260000081,260000081,Universidad Peruana De Ciencias E Informática
edu_inst_260000082,260000082,Universidad Para El Desarrollo Andino
edu_inst_260000083,260000083,Universidad Privada Telesup
edu_inst_260000085,260000085,Universidad Privada Sergio Bernales
edu_inst_260000086,260000086,Universidad Privada De Pucallpa
edu_inst_260000087,260000087,Universidad Ada A Byron
edu_inst_260000090,260000090,Universidad Privada De Trujillo
edu_inst_260000091,260000091,Universidad Privada San Carlos
edu_inst_260000092,260000092,Universidad Peruana Simón Bolivar
edu_inst_260000093,260000093,Universidad Peruana De Integración Global
edu_inst_260000094,260000094,Universidad Peruana Del Oriente
edu_inst_260000096,260000096,Universidad Autónoma Del Perú
edu_inst_260000097,260000097,Universidad De Ciencias Y Humanidades
edu_inst_260000099,260000099,Universidad Privada Juan Mejía Baca
edu_inst_260000100,260000100,Universidad Jaime Bausate Y Meza
edu_inst_260000102,260000102,Universidad Peruana Del Centro
edu_inst_260000103,260000103,Universidad Privada Arzobispo Loayza
edu_inst_260000104,260000104,Universidad Le Cordon Bleu
edu_inst_260000105,260000105,Universidad Particular De Huancayo Franklin Roosevelt
edu_inst_260000107,260000107,Universidad Privada De Lambayeque
edu_inst_260000108,260000108,Universidad De Ciencias Y Artes De América Latina
edu_inst_260000109,260000109,Universidad Peruana De Arte Orval
edu_inst_260000110,260000110,Universidad Particular De La Selva Peruana
edu_inst_260000111,260000111,Universidad Ciencias De La Salud
edu_inst_260000112,260000112,Universidad De Ayacucho Federico Froebel
edu_inst_260000113,260000113,Universidad Peruana De Investigación Y Negocios
edu_inst_260000114,260000114,Universidad Peruana Austral Del Cusco
edu_inst_260000115,260000115,Universidad Autónoma San Francisco
edu_inst_260000116,260000116,Universidad San Andrés
edu_inst_260000117,260000117,Universidad Interamericana Para El Desarrollo
edu_inst_260000118,260000118,Universidad Particular Juan Pablo Ii
edu_inst_260000119,260000119,Universidad Particular Leonardo Da Vinci
edu_inst_260000132,260000132,Universidad De Ingeniería Y Tecnología
edu_inst_260000133,260000133,Universidad La Salle
edu_inst_260000134,260000134,Universidad Latinoamericana Cima
edu_inst_260000135,260000135,Universidad Particular Autónoma Del Sur
edu_inst_260000136,260000136,Universidad María Auxiliadora
edu_inst_260000137,260000137,Universidad De La Amazonía Mario Peláez Bazán
edu_inst_260000140,260000140,Universidad Santo Domingo De Guzmán
edu_inst_260000141,260000141,Universidad Maritima Del Perú
edu_inst_260000142,260000142,Universidad Particular Líder Peruana
edu_inst_260000143,260000143,Universidad Particular Peruano Alemana
edu_inst_260000144,260000144,Universidad Global Del Cusco
edu_inst_260000145,260000145,Universidad Peruana Santo Tomas De Aquino
edu_inst_260000146,260000146,Universidad Particular Sise
edu_inst_260000501,260000501,Facultad De Teología Pontificia Y Civil De Lima
edu_inst_270920231,270920231,Gudelia Alarco De Vargas
edu_inst_270920488,270920488,Richard Wagner
edu_inst_271114578,271114578,Josafat Roel Pineda
edu_inst_271114933,271114933,Antonio Ruiz De Montoya
edu_inst_271123488,271123488,Theodoro Valcarcel Caballero
edu_inst_271124031,271124031,Corriente Alterna
edu_inst_271468180,271468180,Arte Negocios Y Tecnologia
edu_inst_299999999,299999999,Institución No Especificada
